interest_rate,gov_spending,tax_rate,inflation,unemployment
4.370861069626263,266.61963595475765,17.85117051207718,1.2256169655500382,5.503579006408745
9.556428757689245,587.7108526405223,17.409363972159994,1.666460725132949,5.498856822647122
7.587945476302646,885.6512522887674,37.1876374156311,3.6855607047734797,5.7810494691976855
6.387926357773329,759.0023977686051,17.486385995485183,3.9644443436506007,3.9085827661463504
2.4041677639819286,825.9050330753048,18.158491783858928,7.847089263069392,2.110668638169595
2.403950683025824,692.9050300396456,32.78194787253891,4.5795054372465795,4.452039136804594
1.5227525095137953,723.0489080660673,23.492195273516202,5.935254728929054,3.230089254734997
8.795585311974417,864.2760864087874,33.301316708655435,2.9865307709062474,4.583059785206525
6.41003510568888,324.70120797326734,11.960984726931557,-0.0422215622540818,5.724687021927832
7.372653200164409,540.4824672788264,24.62713581020153,1.4601108974262422,5.48223659231694
1.185260448662222,299.08849763764204,11.00840800549848,2.7827281974044253,3.384310245357432
9.72918866945795,988.9012071969823,11.879596103660635,5.160122983953018,2.3185380016631822
8.491983767203795,949.653405717952,37.19312360033233,2.7700502204354445,4.621694212670666
2.9110519961044856,135.4841302316553,14.177361133527855,1.0379233784064874,4.93590730946971
2.636424704863906,735.0176552641196,25.972620468256515,5.1200704565371975,3.35859070314898
2.650640588680904,932.7234856740993,22.332868078021196,8.53549160955667,3.3414911247991776
3.7381801866358395,262.5178106146002,20.42029978776528,0.44615730252540475,5.587955143746676
5.72280788469014,611.1507074973665,36.99500037061817,0.6969241167703049,6.449463918116043
4.887505167779041,923.9394678292376,10.654701903264685,7.171909684102056,2.1122650947671575
3.6210622617823773,130.55138072721897,29.913690585267673,-0.8784805721422972,7.49046342653331
6.506676052501415,727.6782405221559,38.901833026406514,2.055311987361866,6.1650731854173
2.2554447458683766,367.6141066352957,26.805045503855258,1.5937704947879419,4.921420559169938
3.629301836816963,931.9565758388774,38.104673860992754,5.774456566807411,4.964938832089584
4.297256589643226,973.952420648831,11.567736378580713,8.685013641892398,2.4797868333258264
5.104629857953324,949.8398402020905,22.56379957222484,7.248402923772989,2.1972403665366858
8.066583652537123,526.7927949917174,17.804733728861535,2.1784123657089225,5.054470198245514
2.7970640394252375,875.8383858903821,31.924628949421894,5.9875046213544705,3.5124850061293467
5.628109945722504,860.0944586815633,39.4389127149174,3.179974499421622,4.8495830643455795
6.331731119758382,387.1904259189301,17.695901873327436,0.729715931415728,5.986140170393541
1.4180537144799796,846.0239267356096,29.625238044222233,6.918828858985326,2.793684183884863
6.467903667112945,133.30687124394336,15.942928982792203,-1.9770554825015647,7.9506576760966885
2.5347171131856236,636.6428906338477,26.959907637148298,3.924504128583314,4.868465741673077
1.5854643368675156,307.00795355893274,23.917974600650084,2.057443847865504,5.438684008646707
9.539969835279999,208.51019719955093,39.16015988894611,-4.625225110324327,10.24894908514072
9.690688297671034,169.25788146628824,28.255818180893996,-3.9619486545562412,9.439449112237924
8.275576133048151,726.6598982903258,20.485191162604565,2.7010441327686916,4.61591872069415
3.741523922560336,405.8874673912595,13.422873546638002,2.7306250008657433,4.027198572204621
1.8790490260574548,752.2900943758854,14.537404862048037,6.66751937239117,2.295076253627437
7.158097238609412,158.82070671904813,16.759507898537052,-1.2216931364055366,7.46009449009026
4.961372443656412,383.7613040475493,17.52899984020894,2.121651501988269,5.392035396206781
2.0983441136030097,585.5421631378035,35.51848173523413,2.3313074699340692,4.4651423508198
5.456592191001432,811.6508483550672,26.83668364847575,4.239788593106175,3.8609795583972475
1.3094966900369656,386.8772526388629,25.701727341230992,1.8955868197020067,4.991649046142686
9.18388361870904,663.3022387933082,13.443066156076524,2.371761995767461,4.745127705090907
3.3290198344001523,897.3799734125685,35.80419080048305,5.687151751982123,5.078496251700413
6.962700559185838,654.2768693640741,31.68442909625451,1.1681528945731054,5.292874759361332
3.8053996848046987,309.6635272782704,12.030050857000047,1.5300004381176933,5.049101975667999
5.680612190600297,121.96070340088421,31.23505291689306,-3.246183039021362,8.96244198602912
5.920392514089517,883.0889865108369,26.30614652027938,5.343712620735144,5.127012346412007
2.6636900997297435,119.14246976534842,12.451760372403347,0.649075779066403,5.246372006740534
9.726261649881026,887.2315054157795,23.749019245859692,3.2734135279626857,5.10233761883148
7.976195410250031,576.0434206244909,24.54088861390141,1.4066580757994507,6.251610559942019
9.455490474077703,945.1609286616066,14.973236204898273,4.953200386793754,3.7059069851817505
9.053446153848839,818.9049121962988,38.37094441000847,1.689404048874695,6.409181125554351
6.381099809299767,998.1406994800037,35.49926114441986,6.077657020857438,4.691540254581921
9.296868115208051,415.64063390653916,30.07067011987325,-0.8288642046307853,6.451801234407203
1.7964325184672756,790.4694600380142,23.868866830018217,5.969801039680884,3.3145038833832494
2.763845761772307,461.73782224831797,22.352966247535257,3.415024925783088,4.818850193874611
1.4070456001948426,531.888058273518,29.529204014528624,4.068135658430692,4.604356341754592
3.927972976869379,664.7549168965331,26.362956082207162,3.4731354279336157,5.5143440146586435
4.498095607205338,886.3094027677049,11.868193176456568,7.8366157283061515,1.7672339765734584
3.442141285965063,985.6751222793656,25.37507946310995,8.367138592706405,2.4402367261711704
8.458637582367365,791.4460724780664,34.192108516985186,1.7046586787762559,6.995348415120763
4.210779940242304,475.99010395060037,23.77719632790874,1.818040026086846,4.844972442685635
3.5284105871864266,479.22130204936315,11.558697326628053,4.380968727659365,3.543228757103648
5.884264748424236,763.8240714300024,33.588345981520995,3.47302139734863,5.231480953813933
2.2683180247728636,314.8994311914721,16.04091346407923,2.686482090740128,5.130456838947197
8.219772826786357,199.4267018182552,17.758625046641164,-1.721187291674495,7.348562097285406
1.6709557931179373,419.1599418766989,14.941190602968877,4.057350422375205,3.2532934152726427
9.881982429404655,358.51509248867353,19.906451946144927,-2.0097215485856266,6.896580179428927
7.9502029236699165,366.6773084103911,32.70254517065905,-1.0549240414862284,7.518251635508818
2.7884411338075514,310.246975944919,25.58157578511812,1.7348866102474887,5.804844516317959
1.0496990541124216,137.8838706727257,16.146438224521376,1.124649985184895,5.453056014637149
8.339152856093508,116.08654126007244,36.33490234456123,-4.663939724809084,9.763906262927799
7.361716094628554,988.9501507624284,36.387455648545874,3.8043441441775583,4.01450376240681
7.561064512368886,484.9958203622761,36.11735275138021,-0.2851819496907854,7.987046020817735
7.941433120173512,445.8939824437135,17.16388634144618,1.0578633510628335,5.9956330809764165
1.6664018656068134,711.6825544237629,23.537180325429645,5.898811070391602,3.9874918439031477
4.226191556898454,296.42849907855776,39.54968968422625,-0.541603076151023,7.962783103744709
2.0428215357261674,954.9650655552028,33.16037428929971,7.045163843269003,3.704720040739688
8.767930832880342,807.7105129739969,10.815022636766795,4.893940412569919,3.9066016043958607
6.609683141448022,180.46990208103358,11.956137737814762,-1.2055884930412089,6.949282083912089
3.9780822236738427,475.8226982064355,23.917941304369982,2.365615664353317,5.467230624515863
1.5720251525742128,891.2064768059482,37.27660617584681,6.311214445236277,3.6942781561057516
3.79884089544096,950.2588200622693,26.161053938581425,7.099716320064541,4.140680922402525
3.9266498982407234,520.6613601248828,24.934375241028707,2.5650876636089155,5.51264425409062
7.566455605042576,652.070250289637,13.164210998698918,3.3553173026693552,4.612878740436686
6.738017242196918,250.3305514828677,29.70340314172882,-1.4230198347219107,7.1019405211484505
8.98491468318694,992.0517635232789,34.66309481800677,3.7433686932195336,4.557371260408596
5.249934326457543,308.5045312450991,21.412600225226868,-0.4844704236698072,6.3200754053053805
2.0763482134447155,948.458596721613,33.26835552775982,7.9943682598205,3.280207632085452
7.419203085006955,684.6819840931316,38.93429961702435,1.9345153760706477,6.388719684234706
7.847065437552077,646.9631153909733,16.112993773830674,2.2886677101978172,4.801094781499855
6.051494778125466,561.4196599148577,25.69988893584224,2.363314219124217,6.372652491469372
7.938704619591049,307.6028305459828,18.614138742537264,-1.0062252638650946,7.0527123446762765
5.444160367279517,258.87522880495743,33.785632571015185,-1.3801475450261729,7.146930968384217
5.704595464437946,298.4375881631578,27.327800976434727,-0.4535898837241211,6.896216382587596
4.847869165226946,267.7944359298291,29.037472526509113,-0.7669413761242546,6.616652582143568
1.2287721406968566,801.626026210078,33.93742478847682,5.6162488801114705,3.560394031802069
1.97102284293974,415.1127332500571,21.879114179873646,2.632433966885206,4.49684677180418
1.2828626711806081,152.05840890705673,37.45270205221129,-1.3242134094814872,7.131014170738026
6.727693701374023,972.1923671267302,25.9908660173842,5.343079114726649,3.128865190530278
3.82920382968694,895.4072964670831,14.73864468506044,7.532017436296641,2.0817617943176154
5.577136220482325,934.9770548756917,30.876973545064075,5.115625089453969,3.8056491278489917
9.168098265334837,995.4170403817917,33.797840513147634,4.331363252692045,3.688403984005122
3.2436300623398746,256.50572429753856,19.5028503120258,1.7365802582708318,6.667331440667682
4.693446307320667,456.6178170123929,35.71537770996259,0.35789062478231437,7.240867405238831
7.799960246887438,782.4146281336822,37.18429764297299,2.3254386438634915,5.958194335232623
3.059183489424602,726.418556248413,18.307134621334267,6.153722910789869,3.1257852525890417
1.6928191884591368,238.50631570586955,39.50564418145666,-0.17590971985690151,6.680051422495278
3.6077630762239123,834.249812491556,14.221345841462753,7.154459636615373,3.1810758834611015
2.4509915852860398,301.9965146529946,16.0604700520747,2.559763557859317,5.7800062549148645
9.367278871083158,301.4358533403608,15.526745177140784,-0.9808309435117208,6.934025776460484
8.273083416079754,583.2769806040722,36.819691300236116,-0.6045722431864156,7.759274573919849
6.700633808593811,633.6459413575328,29.628776569748855,2.4578428844981737,5.892481482232326
8.84314531168946,622.07758705403,14.563128496668186,2.7865357836621225,4.330505788465541
8.23304869209203,182.33815365797938,23.20970255105047,-2.9957561166605586,7.6732824099609305
2.6791305299743224,889.7147763673423,28.458940752094062,6.730657341200657,3.2670233357509697
9.0330309864098,339.04003832983545,12.503922549681498,-0.03484286846916079,6.03782749987019
5.854080177240856,216.56342915452376,36.472491052220164,-2.513311812086888,8.211329373904137
8.266961396476564,899.8732718820795,34.108106063246055,3.9909304381409134,5.3458328871026195
9.06482169931144,960.086348406778,25.156203207299146,5.734768560991826,4.394195839556726
3.8620312747467747,875.9148555389056,39.01379845777511,4.533760055920667,4.706544195755756
1.9904673207490908,828.5644672523903,22.53282937825299,6.346605772747171,2.177298264589775
3.051416462877475,689.7177825751196,39.523309571094934,3.571047935005403,5.060658908533171
4.843970097636307,595.7716335482254,30.03759996410881,2.892752542816291,4.835800725110662
8.362132893302437,178.28808392026912,29.040138197618244,-3.417632614132737,9.01012104299431
8.74657524930709,467.60789176362886,14.97864685887355,1.5315569387559052,4.730974330941175
1.0625691747807164,435.41966531108255,36.45783274913932,1.5078258909449112,6.364250872451198
5.596725723198092,333.7784053842936,22.824690637618453,0.6034114399978502,6.985769452431227
4.7566990283390105,751.0781023197264,14.867002173474381,5.342800881300874,3.007229120759199
2.9989702942365724,546.2881615708937,10.37822559927277,5.7852628617670225,1.9045042964301309
2.0787883060031453,172.94159431688314,26.792670509151478,1.0070124158361697,6.257540290148031
4.038536542632651,298.16488175483016,25.82198866368029,-0.003146614027727146,6.2708433397392636
9.486187335212673,714.9328872936363,31.580608671074756,0.9733957702682614,5.923953521238638
3.908826388186797,168.51777354127017,36.70774159053406,-1.5102156742442023,7.743224010898975
5.669115595690295,866.0862226438918,12.382197539290885,6.394519349769926,3.3736209188483937
7.3271706300566,545.6318743125769,31.94489471021087,0.5755383481102627,6.996944869626053
4.272666421413646,532.5279195939831,15.622358322927466,3.6394043632114665,3.7191141035578754
9.746038744488645,633.1670061935658,35.74531159471492,-1.0757170478789848,6.5337081670525405
9.662025654479,842.2128693326342,34.571905415849685,2.127006451454755,5.981225232460612
3.2660406624282774,413.0282871119737,26.22381264956633,1.5300173879168781,5.430323638450029
5.475236553031469,710.2145373031572,31.307283958699344,2.9872372894460173,5.470326268945247
3.707904788350927,609.1587675962119,19.430503395512453,5.016400943969817,3.741969581791634
3.5635644493972087,340.3254431524792,24.13503696798444,0.5797150628881151,6.036695603536142
1.3319825261907952,890.7669877196422,34.64910693131415,7.183370514343598,4.378247532420557
6.486079005819072,817.6834194462353,23.777955915196415,4.416517634867272,4.642952707256319
5.524111209059753,692.606651192583,20.733947959763256,3.9507360271717107,4.24355064906595
1.463308761249904,865.5235561848177,24.826373417508997,7.836129787498181,2.502436953675135
3.507818178129503,880.5647808638221,34.84747757311655,5.737016609546259,3.95593273934146
9.174392973699883,737.5266790435313,20.05624142112618,3.0677526600825193,5.660629095230998
3.1560570160027517,853.3119955273048,15.212847794072314,7.9178989981308705,1.8878851835958816
2.304053848821008,727.7243155023552,31.360420609923423,4.8235199780290445,4.211247992626861
5.405074842498067,712.1266945842704,34.779346381242455,2.63467651921555,5.564422568892857
9.870854086995406,656.7502403936659,13.019124355706,1.7875876615894568,4.728525363295126
3.178497443603504,777.4449756018771,17.19622338267834,6.052873430959708,2.0997139193974492
7.049219926652907,242.74459476376634,14.259159692829817,0.9514672276825908,6.488446225268857
7.854576537958458,892.7836832790356,20.438242347465,5.579064119433021,3.905776793811167
3.1387378959315972,884.6591749707088,23.510529367162377,6.25063268192104,3.1194986653604584
7.553947137506736,126.32255473110322,32.464790108899194,-4.42145601070404,8.614250225266842
4.3100481944732785,843.2350755082864,29.534427546450225,5.564816934060447,4.6406924848520985
6.690752475342215,215.9828807261007,28.627857024352934,-1.7747007341564107,7.351710150801531
6.7017673968480524,401.6069688332277,20.571248398289633,0.88250306773797,6.915640356726186
5.821972156672826,769.157430662447,35.2434265925428,3.1287676722569286,4.551328898029762
1.8126079304896747,244.68390644347738,24.138615021944936,1.0639464669939926,5.951609381402455
8.51772246030314,836.170321707156,39.37314814045463,2.3294669349542043,6.549495284863938
3.8870205847456223,848.9207601619677,29.024264148872106,5.6862173975063195,3.426150255530618
2.678666593598688,556.7209603847525,13.787942246935081,3.739431895980905,3.6109863697798588
1.3669762739928752,105.74728454515022,30.28532686226302,-0.7694477930588346,7.549648480578494
6.318036488694176,358.3343198574215,19.753120462950967,0.02330969080187384,4.970641973939209
7.098079256580542,655.234226538168,30.589815900582924,2.031926756487372,6.163606638087023
1.1492904603507053,983.0675602246811,12.089234444872172,11.539736428885947,-0.6082626286960156
5.608837524693529,668.6321743150015,15.246443115278781,4.540999502012525,3.381302295599325
3.0384619767814414,333.82322295774384,35.67211776717359,0.09502462138315962,7.624217437413544
6.806555113685048,670.6051327896503,16.815386710705447,4.082135850972061,4.07958852453178
2.569297861044923,585.9868417442699,35.111233757288204,3.305440054796023,4.765038543116463
7.218439642922194,801.8608556360292,18.37828265363231,4.7816077147618845,3.895087015567402
4.480618116704837,196.28257494426256,29.286457301761228,-0.9027037424780802,8.325371459548037
9.43056989863061,784.9251122518252,30.82451720529493,3.079786235088225,5.0711560052565385
2.2376884973139393,587.1399208084993,25.379642594351587,3.649146482329907,3.7479162487671718
4.069597159452327,966.6928034730952,19.15932030090194,7.953013463320324,3.0520630021502284
2.021261691165302,407.6849494348175,16.379331291132885,2.9650949546614664,5.134738061057658
9.322242564507064,669.3597038205534,10.995680636872788,3.2106640154358463,4.497726701791489
8.896054180428829,938.8252949590158,19.118392037221714,4.569043399910525,3.26700263179242
3.3214746494364005,192.25875519161133,29.59488371593849,-0.9063215511984787,8.042558741371293
6.939856414307611,943.5056385128061,38.14914455345448,4.0026687655098545,5.9765643829483
8.354999801810942,719.097150070732,36.136134467891566,1.887766512685047,6.864101130859895
5.996807304395161,161.0533531946547,32.98194329605908,-2.2268372278857345,7.885768580482472
5.766855205204059,370.8672102521346,33.653420297598956,-1.1629562180637714,7.216547869641422
3.1766706181040654,737.3548797807534,29.94954710427986,4.81772583382744,4.181001456433023
1.837924910253093,160.6155413218945,17.80860572698009,0.5515424580198034,5.694585991472254
9.074941821579941,623.953414158646,37.21585092117489,-0.6487743166586672,8.049801286863909
9.103762514469974,411.29475125766106,30.121969357175022,-1.559639205588064,8.126560454338891
6.697913115459412,658.8239659907294,26.8132189294132,2.4037198150083596,4.857887959133116
4.051268119438307,141.16783043126156,13.329684076404433,1.2664340801257803,6.5307579163253955
4.142886171513948,884.3831255371387,23.411666314192765,6.647701450875483,3.318682925194346
7.533601109832154,976.1400722596572,23.81074813605779,4.924716603697598,4.103987683186597
9.073992339573193,971.9900697571223,35.936908285680104,3.3068266971311444,6.189208611293658
8.983777818386056,774.6866485686322,26.399446605633653,3.125724563644628,4.905854638479246
8.018879912718614,217.07761611756877,21.412016469112288,-0.9356440556598855,7.443564750785737
6.77828481538859,782.4368763361203,39.30400985531978,1.7118337140159514,5.785974772788347
1.7572596849554394,122.12822481292136,13.32161779978947,0.07052843310302426,4.464768848718244
2.454658426851524,119.91119637609754,22.676452849358338,0.6396200530852704,6.577841819913264
9.086987696743714,391.24919723458714,11.260740255142158,0.4377311871452506,7.151702624156606
6.457861536936309,539.7788713641992,32.19712362300791,0.5149992169348623,5.538137594307812
1.0827734645496667,793.3666760270139,37.54229656597452,5.905364914459071,4.096088010302547
1.913243885794289,714.9658389458547,18.401119886514685,5.035050588401495,3.1595274271978684
6.971515921972502,501.3124357390735,35.75025030397363,-0.04597088069429834,7.221456729121837
1.0455542546159682,346.2639996534993,18.766546913856935,3.227118764262857,4.402436943245117
2.4472724627574878,997.4120501419401,37.32310484931746,7.480308854877825,2.8298237913263797
5.938604104299275,483.5631720123757,32.61885710790352,0.0974959810374979,6.742044453488338
7.227056779234239,506.2483218967079,34.14720330524316,0.07707807952732307,6.673213766303085
6.867651335523405,247.26143907250227,10.540196668013635,-0.477943256867837,4.783047019606597
3.018423785145038,815.3285938749365,38.88431071222078,4.8833348527919265,5.314611347647773
7.409612992127823,724.3140032033398,31.800129762109698,1.9106473985770043,6.26051976775364
3.135241787471201,298.69265150988434,19.142532861584,1.3010019156247326,5.387193053275879
3.9285972834334095,174.14294105425842,34.88183994576541,-2.208960923145776,7.910585818438122
7.718422646062217,712.4493718672418,18.445635952447898,3.746286921308348,5.135002536085027
6.846696091424932,689.0600928530217,36.18261518698384,2.2782169224477,6.339139710249796
8.6430106944476,345.9335742983884,13.37741171235811,-0.3172210604544341,6.652985285458806
6.91851603070309,955.7772060253693,31.110579323823874,5.006575109999776,4.258985611029543
6.114777430019244,235.9521026028102,26.22095429934731,-2.044258826233023,7.932760015213427
1.8430729104528323,489.1013209383417,12.896034105863224,4.5300350195672845,3.557411541996805
4.309442227534902,949.254328150839,17.25681484776517,7.587038374443549,2.3692684840857305
3.386821309135529,477.75458523351006,10.372121088319444,5.35731963445038,3.0294550310490367
3.195906790411752,674.673352897677,24.063038963935174,4.186492724490295,4.1351870961795125
9.75709499277201,457.83495816651487,19.03795782280001,0.5280949223753614,6.125772030531804
4.537879522000844,346.793682113803,27.950724528932763,0.902353993977236,6.103326535660267
9.02841899659402,985.5798831638454,18.917134231258515,5.590194112460661,3.26465189212677
6.680247633975366,468.40060568353874,18.99757334520954,2.323435147424317,5.028711130346258
8.153301731874835,904.689283311221,32.2957959619481,3.926715107283414,6.214509400709636
5.523733837946729,306.95914530197757,11.444285079350603,1.3578756239453154,5.932422463803394
6.192134961637232,291.794233622575,37.08684985575962,-1.9133704566776009,9.067538057026388
5.432659244369775,128.02067459606022,35.567916231735445,-2.381130058188517,7.935038513726394
2.7571868901824006,686.5001428382966,30.034140496792194,5.031228550517988,4.433696277497904
7.502069037353548,431.673709351385,27.796647103221527,-0.5268007792331836,6.225163062169244
3.526951261967702,877.9224248556734,36.76907494418957,4.679217525854541,3.997533310132369
1.2188436978830846,525.8889160224014,15.559905385861434,4.991986453998501,2.833135576130774
6.80925066316451,971.3740851232495,12.369074865724858,6.672188750878933,3.0426042631263726
2.5939961146634403,266.972964132809,17.185305097286143,1.622438786960078,4.963749684412722
9.464127259176228,881.7608511600497,33.83734836100571,3.3205291132538814,6.348358424900199
9.585357193023286,798.9371675125676,11.0401080017945,3.8640314508911877,4.286992565317857
9.233779511984036,793.8296601796468,27.484205052504688,2.551574649898194,6.70122543399984
4.331428302298999,860.3049053051989,39.8631254857393,4.480033720732755,4.244494401167773
1.1391095487598069,784.921591848699,35.670882815126184,6.136788303697112,4.613829806790465
9.354867063289529,663.5982894682738,25.643370671307686,0.27076762891490325,6.626026173976622
4.8536573348558285,218.1203899141488,11.909227278599271,0.26010235647099805,5.069728559732415
9.699893371393026,129.2735615421267,34.94120543157129,-4.945689767292638,10.261287415100982
9.672579793803276,928.7630630341182,27.969355245316315,4.254444687121342,5.222966629015137
8.677085099206241,654.9852830686642,13.447989911787005,2.6205600661517185,4.559259975620548
3.6500400286262713,816.8835618785587,12.815718544700687,6.123967396981446,1.880198310179156
4.465879557417328,533.370116361295,37.28880458309777,1.6817366495775772,6.042239018003908
8.660230043651712,205.57737006615503,30.076007888142353,-3.5996233043913555,9.602688999471937
3.852298046406499,212.66721298229538,34.87860397950267,-1.8821706208757434,7.580555156439482
2.5254347201748324,717.0087585060742,36.36936700846802,3.958260829269912,5.200588325134611
6.0112113621251515,487.2753054095164,27.153170561449667,1.059567638059697,5.686854246901152
9.425392967447028,280.472254030303,25.523390552651236,-2.762685330954714,7.5876692022368974
7.264268170074757,542.4350920672932,22.912822309629703,0.3981515761230485,6.299379626273902
6.1305505308042845,157.78804336762067,19.50839763373358,-0.9897014966557276,6.326276600000774
1.8745884439369167,623.774261722959,23.037878825761354,5.634098033324357,3.5396862231897797
6.535065040292528,342.0940639915879,33.21638967190469,-0.8424698517511013,7.588701864856405
9.91048465093837,817.8031905734694,28.057702930453946,1.848176452007705,5.745586036379586
2.260756137128716,379.3257630312164,36.775698698645385,0.8845639249095081,6.369621253338994
5.664966871273631,509.6981341736211,23.301400431375633,1.9310972053471036,5.679049324199509
8.8963576473516,110.45848591729057,28.212687361562622,-3.8654655058782015,9.284311478684195
7.66691755978784,165.202199015103,28.93922659275966,-2.7411892046598156,8.735305704866466
7.273141668957412,453.2442007660163,27.750914869189767,-0.24630721312676707,6.197911079442205
7.322356755883983,531.9449512454112,31.07901319256549,0.5913675934623511,6.502806040830289
4.2354203609777965,640.0184933073733,17.123004051244187,4.798814549768037,4.38021547781936
3.64232659838044,362.4963208383729,25.370913326373717,1.9946197376295203,6.264631301746576
8.284250399306622,725.4836975138883,13.12674408425043,4.15229063697289,3.484101314907055
8.291020552112627,874.1101574702841,21.535339829344377,4.836585659399849,4.446029311392906
8.803650867220934,801.8658900040148,24.63001205863793,3.1957455745305676,4.105654391322594
9.219164973008242,135.65694281352143,29.566727786364176,-3.504456264403572,9.067605007501466
5.60208158974844,532.456252532046,38.5159315775861,0.8768099706673783,7.818819880395901
5.513646652184796,194.43716057635737,28.019531996450677,-2.0449488750606775,7.0099150337842255
8.184656610700976,317.8405142762747,32.307817485296795,-1.4430199260548253,7.6798146376128065
6.849675376999887,987.9963339404318,25.187981784856085,6.28527910868828,4.015734012669845
7.31770189531933,228.2459886113619,29.02312094128994,-2.5002251662392814,7.18499196206316
8.16213402492491,548.9993381062204,12.127966484013204,1.9563832364988072,4.600062650405171
9.010048076358096,656.3401608863072,17.63174742525541,2.4434906007288646,5.4827089297923095
4.041956411663822,732.2184734896936,20.855592796154163,5.447239647083401,3.319910911821393
4.380246573759496,603.6838151382227,24.174800650195408,3.527880932298541,4.595149967850791
1.845837458567821,108.79376267726529,11.369462365071513,1.1837269977030338,5.518821515848689
6.204521268965566,393.8151774195927,14.20072292659953,2.2657975343413814,5.52312582801994
1.3234804641706788,565.9404790462403,18.30442923373917,5.702993211120589,3.53119386554162
5.190382163192141,179.07984923035002,39.14598072703152,-2.6236728663632105,8.406752335874025
5.883801712368189,415.5642380882627,19.940410213091525,1.6903557937731213,5.866390902212774
3.5788712691545594,129.8827979122299,24.461231743362475,-1.4529927815549981,6.808504225471587
6.317499345121097,170.72064743951867,15.882931382151789,-0.8408728114071362,6.858842509516807
1.2745022494514449,457.23094858143645,28.32340213227305,4.007371322727892,4.680070132596567
1.3361336987429298,219.44417863875432,18.42049646547923,1.5753023427719688,5.054384375787261
8.403405045936925,610.7867634354023,16.209777353152802,1.861370411760738,4.593086535643339
4.241715772701366,720.5184722235392,25.497178853379374,4.208564506250242,4.202136451027533
2.143544613866963,820.5280291981746,10.165173974812625,7.572174068895809,1.1514402038360556
5.700189340493239,280.1352198203291,10.22992097947676,0.5358844759451442,4.775349575913006
7.9299419778874976,250.73432403316278,16.572064273055734,-1.3000882252127088,6.9118479744337025
2.9423892474715885,194.11105630096023,11.101640875024634,0.6569683421820239,5.128695468167969
6.606014282371002,672.787224589273,13.24077262392074,4.108597009289958,4.333382291631295
1.768127184943912,735.828153838211,20.165819480162547,6.908774584787224,2.6523165495208234
1.4651354905174694,128.42753034307782,34.07757038739439,-1.309927570640856,7.409186457597667
5.782191684113332,942.5910216193208,27.161459301079024,6.578310405849525,4.013247113382129
5.865716094490959,146.77415528632517,25.38003177869249,-1.7477236279876798,7.786234133700708
6.736869113483859,587.1667017709634,18.80466469624365,3.1380562841553683,4.552866853413634
7.534822003503954,738.1544675058248,37.95261158298449,1.4899552380817527,6.439617162956106
9.782668715162812,883.8722113714771,21.91045123711575,4.183605245955098,4.888554829430363
5.646703134710758,742.678238919185,12.612783003873144,4.7961855712515,3.2454872796585876
3.9066082564712135,821.5552747628126,28.511995483534037,5.85617282145737,2.8721668222951635
8.156675752918332,405.50517328852544,13.415151804298041,0.7211183458930498,5.841236851849416
3.437490261358668,833.3426023718611,20.35669428405076,6.855637074626592,4.006469014651993
4.950742786350725,172.1033617462076,25.222358161534267,-1.8643708946791389,6.966922208949114
1.7061074320803935,905.3349904544749,36.22667574055527,6.130093693310722,3.2437863024796103
1.2281566907391177,592.8331385383626,24.80639741020356,5.132227408120404,4.071595335405977
9.663835732101326,835.5679929662443,31.06776298094993,1.9428117634046869,5.984276158127455
8.523821084609853,507.08645606647013,39.78450516997211,-0.9378933525878743,8.596532144756022
7.263767854843282,679.2199256768724,13.944673596939449,3.0822790664230157,3.548564009808124
4.680576499728429,573.7623948425019,18.241945765585584,3.9972282283355796,4.725245678552073
2.559648880637612,758.4305695797987,21.837282267929393,5.504491371301988,3.4546810737109612
2.4079333840397745,173.4669838275306,22.65484535616494,0.5413685794786863,6.049456363220501
3.252186083481358,154.31687559150743,22.33063225796637,-0.0031720447992417133,6.606478331844352
5.943039982355084,322.39291060913183,37.22833007669665,-1.8188098019706764,8.40850919012971
7.431363304300561,243.5902121018695,31.420979334005693,-2.1308641809897915,8.589713554195614
6.941776390459581,884.6052099329816,28.237156422721114,4.681669393494692,3.9117128537082135
3.5194050725134858,297.2925886222399,19.281181535883462,1.0156842682809408,5.907555825608935
9.593787525968747,978.2787302372182,34.71371152663884,3.0102450446858198,5.425769456752159
7.641072250261916,403.20621259399616,38.65181534454967,-2.6349683794822534,8.177909195571319
5.989186472602606,263.9061241198293,34.6359484765068,-1.644301819103843,7.977418664333162
6.5054867161091705,810.7286564282313,10.046953155744188,5.067446504972281,2.8275765538668836
4.776400561850109,692.8369979507885,29.09204110550221,3.678637687753262,5.473793037904844
3.229578905510417,548.3761448078251,11.534061443263022,4.583841742955616,3.3385401120156954
4.2037541078613545,599.8271958438681,17.728216610011657,4.463144631225936,3.475038849948647
7.820614994179322,747.2816004450375,11.785741010433151,4.232911656572467,3.5915856690870593
1.1295413976678028,305.6092671981688,28.11386358848163,1.5152117211260774,5.711549800562898
2.0446537645622462,996.7005244510677,30.597697404778202,8.250843973895881,3.304270639739681
1.4140237781957747,977.3138459321049,13.434629141977155,9.890192670567505,1.1826481604703403
1.3665592208707311,685.2931177122432,21.515166491349383,6.176212896143517,2.70975118746142
8.699145256099065,279.5882058362306,23.687095268666262,-1.6877663016495899,8.823107032854638
7.332920734420213,712.2054181881622,21.071590652827496,2.580648687785213,4.878395850156992
5.267564461785927,164.97856808125826,13.63075001455579,0.03132278845753106,6.756146868584573
1.8805074458590134,127.58725198522546,22.568433705624262,0.3850098233671227,6.1072021276053885
5.4245428760514915,331.91459966009234,32.535341434252544,-1.1550011491383256,7.4880036302929645
5.261245937025091,516.3606610653846,12.130229935997665,3.1979204117044335,4.629327721639573
2.5588168291901368,881.4452548675424,12.405400422457102,8.27485044802083,2.210056172542167
4.904664843141758,754.4521627896772,20.643138755079526,4.960626938617074,4.292136667191206
4.586542609576361,768.4358690799829,38.25177134856775,3.7328402344391414,5.795059072366258
6.542650882469948,482.94400100326783,30.05717940168742,1.2680800195445543,6.396249834296333
6.715842857808794,411.34149329226665,30.360098700176945,0.26036699783698936,6.708182239920969
1.4077360879484007,433.9348866861424,20.857599725135948,2.8936112536579266,4.504710120629502
4.371513531638241,988.884607362452,27.809823736256153,7.233141929332808,3.6145774324753623
6.632739241428127,136.09827227123424,10.303935520832301,-0.3213137903172466,6.228363612767193
5.528226327220789,880.3283465102037,29.082881392286268,5.324286422607616,4.697700287701038
8.7084085706949,620.8078677151541,37.3986084272871,0.6595037616683641,7.974652448104498
6.928242684570505,494.7538772706314,28.377204050344574,1.6518322482369863,5.984263364515743
2.466409843732867,752.7318943736228,36.210957803990354,5.184873014524251,4.178898909752642
1.6351187266038685,538.0020472822325,31.719191663982816,3.5151962409429736,4.902257018515612
6.78177350385684,886.0809142734945,13.616752492110708,6.630791378637831,3.1196090630952487
1.2386017948745964,910.6316776101327,37.073599218575254,6.852099873354948,3.2634985653857154
6.2719802314611695,479.5488341861099,11.993315330673246,2.472118214705668,5.359282771008698
9.462072172824618,349.1450175115464,26.019024176432914,-2.017195446797002,7.90683241269217
6.179267600882911,633.1152957340261,14.26411371380373,4.596814464934486,4.134338697095486
4.493529335858697,921.1270110550219,10.351198321927122,7.520171277457158,1.0595888157409488
6.789593965981179,289.5959701050999,22.66102780382917,0.001243800016551111,6.197093211438017
5.12427601442365,660.6699252071345,18.851221229624688,4.409371183767237,4.259559926394795
5.910551103843415,668.4041980832685,24.58001481392809,2.571111860117198,3.8228480090520733
9.473183278988726,759.8017201737529,27.315996602036524,2.3136505485352235,6.280864747853542
4.474923740206968,218.41091661453382,11.31217216926842,-0.2345831747107998,5.302562833730104
9.650715074415228,744.2424682138798,13.69009885371237,3.560811267975465,6.164558551423774
9.148155777604574,918.1292685990769,26.75927189351276,4.373903349331702,5.983685704945318
2.762120213103668,261.71479798321775,20.295020595179746,0.9104078359363419,5.458839598909227
1.624251707876489,313.7889924314899,31.87520462648344,1.2000174557061012,6.052682511588184
1.9070020123968399,974.2555846374756,29.56874945775819,8.80925861127566,3.1554883833085086
1.1639964308639477,262.8792574385408,35.368130889697206,0.25710791785274506,7.423202035995221
1.8499866468033557,868.9465840326212,30.77478480007676,6.157540243388559,2.468727025167568
7.147060960747211,543.0500708032314,22.897932321704445,2.308008696719563,4.8254734337011085
1.6406978361420608,322.5079669628593,30.188998671832973,2.3671244796396627,5.587551980434428
3.8707806726438516,883.6749111452602,18.261435227662556,7.077063088288346,2.8603719604200415
8.60387779872509,500.77472950239894,19.18940496334638,1.2925994170309842,6.244666983693969
1.209447421622433,563.3356185367212,33.6695547976238,4.3324149525590565,5.44799734105743
8.330216343300421,423.3100324597891,23.392585492047466,-0.6425085125262581,6.121924525713273
3.5366929729605996,633.6557662914347,33.951410215550574,2.930417237195056,4.129798150501625
2.0634834485949063,247.1714853265205,34.67267121004835,0.5881432645402845,7.279461826601777
7.270634488277356,451.9733829865846,35.72687012983852,0.15423671209757162,7.079912308051518
6.660485621018956,972.4710901017588,37.49905707523622,4.926002813071665,3.8764520111261964
8.897248121743477,332.3200894310148,22.929556615398887,-1.8582860048525063,7.373061523887549
7.615639394234972,691.062998087163,19.566004549634165,4.139740384640448,5.182565126907432
8.231328373463636,392.6710578022254,27.465962397823414,-1.2010352973978882,7.191610896749666
3.538311153141758,796.1258131179405,21.135172703128827,5.911016393709917,2.9654573575744627
2.5969558940175053,217.78629464651485,28.03222500400699,0.24733141630050756,6.413696679300424
7.755532764767725,972.8389405706903,31.16757587931474,5.510945645748953,4.393931333307949
8.261512653405376,508.41058724527534,30.652150554764106,0.3151224785497668,6.327592359301564
9.91454627800606,312.44541701181754,21.23658661060364,-1.7490448797642635,7.178455120907878
4.713559092202838,166.1470725970114,15.005806050962585,0.035754839831489305,6.344552922278961
4.348162772135049,252.78211457878666,22.915880153866226,0.08390907865545266,6.492965544821454
7.987716646677971,567.7965537004159,14.277824322457262,2.5353945386787,5.069144560730448
4.06723186227716,403.30285878815766,36.70291105551425,-0.9356584876555798,6.376372129367096
9.376815930432082,845.9950292943486,20.376323822135724,3.5856062159789728,4.529950433803621
8.725714766587107,487.79877129562533,14.633792416699713,1.172412055451119,4.55356729194655
4.860946246375165,323.84284532886693,10.763432797172527,1.1561050085740807,5.0046512589281615
7.757839610123476,655.4304879436271,29.374671588594527,1.9310795744208606,6.702095456085143
7.7908858667621415,736.0994951969012,29.1070695236423,2.45260945573065,4.8304091703873135
1.9281148195233935,250.33771711085487,20.21812499743875,2.3952451107607224,5.055594523387741
9.1229761601161,250.8572946594859,12.15135666542953,-0.48154093739871573,6.862295430635418
5.547271352030714,133.00428424018867,22.288866846856962,-1.9053823028582482,7.854467986307709
8.438117194969674,762.7618135590765,19.336524851901807,3.3994881971323996,4.427166267735625
3.880446409275506,697.4240748596246,30.313619192050282,3.9656818419492676,4.362250303056609
9.059709056465804,527.1677881748325,28.173377483580712,-0.3013441329224602,5.914949953215609
4.502815108607468,859.7534040722774,20.9378118459262,6.349857793840483,3.197577761467526
1.0975388633226852,825.1031376550478,16.5367766276497,7.669443247680371,2.878461653558408
9.148437787773373,626.8189279570769,39.64107898466776,-0.8354451802514569,7.713223825995741
1.821580091075202,881.4441524619327,23.620048635883446,7.8530022274435165,2.490118639009384
3.873822738313734,285.25708903309146,30.64822707340711,0.16560160594424184,6.961725239052867
9.550557703457244,200.7276574579551,14.216589027350823,-2.5918190597141493,7.277641924508178
9.555464322438006,342.77465036529065,24.567690989781934,-1.3590770411629902,7.2030279577530765
6.160940993109575,151.37817048038337,10.826101596083964,-0.9650878159420158,6.585641562978205
6.686534909528193,578.0525752009288,25.1636535373135,2.0474755625328322,5.744943712141041
5.036009697804878,942.9451230654654,38.92052221353107,5.429566166705335,4.6969361413340724
3.638896945282581,135.4091866016587,21.526201389574005,-0.6347830279339607,6.079560275894756
3.957980908329244,209.8989226090241,11.169880377247347,1.2303811902714517,5.906641663145766
7.052666104693346,506.9791254550918,10.928673727580305,2.1923760075024283,5.00612294955713
7.77137076493912,940.4875157751144,21.639602798406084,5.256996203726926,3.516473511763121
8.124211393532637,384.54049447907545,14.800748093895821,0.2002947231946842,6.495548181894964
8.106563285150985,556.5113278195531,10.700562889845578,2.0684861733653617,4.470683216239483
1.8208549274382133,137.41557314535288,32.68640841850531,-0.8932996556739998,6.736817708099712
5.449782742323233,233.50888086587997,23.75569026645672,-1.5396807385803624,6.463107886273099
1.5180288401497986,987.9671106629622,18.677343159179635,9.007345497065707,0.4977731381040459
5.94575994091362,968.606826792441,37.002495490494425,4.870501001733322,4.876714587570426
4.973774512360393,104.44598284096865,13.484168806015768,-0.9189341846197767,5.402746880935676
8.989337644824698,956.630606880915,38.67756486865957,3.0831320365954555,5.16718283027591
4.158235112968708,675.2079440339503,19.419001521320585,4.700179631793026,2.775536961313653
2.053603147848453,881.1264650680199,36.65211016926044,6.358972818872961,3.832624789545034
2.2869251384755227,509.26587007047317,28.088286294383845,3.577626039094847,4.873416590492739
7.85359568545725,564.0364257213253,34.80122079224462,-0.0914382781639686,6.85267054966183
6.56396256984635,539.9619222312282,39.52039489631393,-0.4360019799368585,6.700129802093869
1.9101040851051123,700.1778317914939,18.65216313456237,5.660487755784595,2.3512415033119813
1.756961255034977,225.6861292806816,38.83406456222779,-0.748627251530915,7.514249118103151
7.30872218313208,126.97623088541016,21.68445684707261,-2.7290051263274537,7.450905219365591
1.6548670572777417,377.13694743207185,21.565357142107672,2.4024021983723514,4.925490255001803
8.396740533613206,734.212686462982,20.21161312763517,2.474536952934752,4.4264956974704575
7.3561800444084655,281.66810691065353,26.242228220427556,-1.713692188877547,7.513267672197568
1.7321390257770979,706.0891899924255,14.624351295354613,6.823100567557231,3.1032699059644946
1.7635394267667273,972.9208414965434,26.611344560740335,8.48381897842582,2.6186749768177267
9.87975620651058,184.51064421047653,26.25114437230012,-3.998597624934697,8.460281169022563
4.368437161805083,705.3419064026136,32.8570543781461,3.376996134237267,5.198126539521032
4.335779323602019,499.375197374114,35.00949885812757,0.8615632717037178,6.184475108757686
8.315196105317522,881.3280289397549,23.21324050937272,4.318638600614126,4.4131828301811185
9.525237196454729,259.43481050264734,19.069997480544814,-2.4994845583507797,7.304591328403411
9.874009574405838,723.3633570035481,17.780046919512834,2.805187997501879,5.041223176312598
7.780403667330475,854.3037606832992,15.838715101146157,4.176031017086084,3.75252048343435
4.386336269778242,950.1527975266209,11.729427465970746,7.955602257553784,1.241400290106467
1.7515064502880189,714.9232254606812,20.273439365041398,6.396688762554534,2.47024033079215
7.994322243346931,547.4572876075846,18.107430763923496,1.7585859361712826,4.777482034442901
6.025638247622245,656.0625161810924,38.99252157599222,2.9950707123908282,5.626495498728578
4.817998083222786,882.0144860308465,26.731264787501317,5.912919352230894,3.0998121274524957
9.157189465852625,613.5487719749467,20.418311170915224,1.0130345713106275,5.800975350374641
2.000777340755362,127.34835372715318,27.41402802981088,-0.5160400596317738,6.258500478825988
5.433625938617732,937.85382595628,14.175901040370865,6.356012019483621,2.615215987956554
1.1021828029067717,720.574075928405,23.321312476066087,6.282218235575674,3.0772725832128964
5.217945777947136,708.8620471995218,28.787029642631914,3.1844165902580794,3.915524354930696
1.5067294811365362,294.1076371579454,24.66693495377354,2.178713273413913,5.775661946039433
2.0693612464126474,692.9969232093915,22.053364019629726,5.4151820696268524,3.7665594826356643
2.057736220993944,454.4779650887426,39.815451666990946,1.475983415793737,5.829544870136138
6.842892719044572,686.1096793373429,36.409442864467806,1.4809272267021605,6.473359476920934
7.71440391338881,195.93372727719165,28.702178744783204,-1.8986568824741432,7.776621293404405
6.250318885874437,692.0607741427324,27.081320835468482,2.9266948318843014,5.171759066969684
9.659552936270877,999.4723531935999,28.61981439473752,5.21924414606641,4.130236350909532
4.373835215713337,143.39083497450042,16.039363234672997,0.05013029948016934,5.302579487041511
3.571408776536747,979.4567657991855,21.85413229792956,8.064483403598219,2.168143438951568
8.817392153705143,466.2171646505835,11.18378598672698,1.319463544639326,5.370645948393905
3.0123625466750736,883.6781053035332,24.2663811246048,7.1008603163454405,2.7131165031380333
9.669002854965502,804.1469356524461,26.290737518729895,1.6140578874959153,4.91702465098913
1.109390272208347,610.314634888001,16.832492083096287,5.7257603073908285,2.7645435844665593
9.728909440368751,764.6042883261939,38.92086541496541,1.3120806071731836,7.122385308266564
1.388439207555185,890.6640051712131,37.28363832811726,6.459608023385759,3.6691290541609485
9.02028802328264,463.72628948592967,31.664297063677175,-1.7419057465515286,7.645135181222467
5.749309981776698,394.32984540691484,26.001598862960876,0.4422813515959768,6.018246053567406
9.936683165073703,700.8340470072262,36.099074789430546,1.282144166720102,7.672601150787115
1.6641690826185898,827.0613477471327,13.919570314703886,8.670017762459004,1.1678143492429118
5.984688559611887,786.0566212989542,33.71529382824655,3.465690545675927,5.48043299275681
9.72372282057189,818.032283972771,13.744624419005449,4.4197236260702635,4.7923634146882375
5.707880597531339,492.0249833316397,33.82631987648216,0.5004240367184857,6.875325296623868
6.664587743217362,836.0507945575195,18.273027047540708,4.348975575799084,3.545162941399266
7.261738200861554,208.18814983354758,36.31271743054567,-3.6424923392146455,8.504703930813806
5.090869582909959,590.0401881647646,38.32126281476194,2.3042851929705708,6.927230041048486
6.648022720756571,105.18279444830941,14.463879082153468,-1.8555678650251906,6.203393289569934
6.258828807307902,392.1272469102433,23.880268151961808,0.2821392605647923,5.8199770926475125
9.110422094418901,429.8153813842581,39.42962134488055,-2.349938465992365,8.328232973146575
1.409017423073121,456.55542244832986,24.502223079194398,4.362891499813802,5.208977301355725
3.528668706330073,725.920486020876,35.90642567543635,4.717207397181119,5.209524567358725
9.553703356689029,449.7022911433112,27.661945663939594,0.06336678341870505,6.899771238428989
9.012374055018247,503.8242603602776,21.259897237588056,0.32654324713482097,6.155426785770441
5.100910775071417,313.7897177868947,18.573506665776108,0.8779033681291751,5.511513738116416
6.581193380213831,435.9266124664061,16.096692732582618,0.7006788865884883,5.049499728873613
3.496430646830194,304.54266453683636,32.85394574133092,0.7502839608793119,7.301055224776357
2.6930904375138516,165.87633139159928,21.596215204690836,-0.4312932009439844,5.45229543013349
5.173285644459839,643.1037340432401,25.338263866022537,3.418955913481542,5.674683837591191
4.180170052234475,701.3915186995147,24.769764400035456,3.8982024570579417,4.638184707268626
6.252905006657849,657.5413114086531,27.31837087699394,2.4226901096888636,5.865432867955331
1.6996117326848634,517.1446394205151,35.96731436873657,2.306277875464212,5.289422003563912
9.769553268995498,441.80720216130686,39.422180307502884,-2.7128602739728773,8.589077641102849
9.875896700316426,877.0002846146427,22.227526257214507,3.339740518692274,4.0839443054808084
7.2834554261777065,567.1736066225963,34.82556766318909,0.2733171893556614,6.5693941575258386
5.824867297097083,531.2636898667579,32.93583383964153,1.523286822045038,6.631552547581065
3.78574854657695,123.07785922579211,27.205868543667197,-1.9351139319285338,7.888953653101542
8.324155177362538,407.1230448635407,38.68141430835799,-1.8487178573747283,7.776194351325632
7.162580552984913,442.17605690727135,16.01423546585208,1.8480263221478277,5.356564459451693
2.463552454104022,458.94050280721046,13.277926309288642,3.7732379878345315,3.6965062430077573
9.198344660444583,622.1551323045991,35.61885900866267,-0.2984663534163689,6.512719036380403
8.402835186308522,580.2422920541906,23.174494499012447,1.168293564896275,6.232763166402048
9.548199219627316,647.1145835141001,35.40906562621181,0.7460022668865175,6.807798245067571
7.531475575495239,788.3949353879154,36.79270615586245,2.535994766021969,5.899043435706727
6.520736763422109,831.6871648444841,11.873727808572143,5.603523338572773,2.7591832997054873
4.76418732661557,746.310768603845,36.50394288958182,3.672558059366503,4.953427391063791
9.39455635018612,959.9713263594413,23.449571661082665,4.0063318474748755,4.3599449466266185
8.794575005503674,116.40932440872547,25.312974670126966,-3.423811970455805,8.479818557336161
1.4069680309557047,276.2001871151915,28.797775332796306,1.3830439762453162,5.734938065851052
1.2373027704752682,106.8065874803279,37.791478201902606,-1.4836375661940577,7.252074903091031
4.388170301902447,682.7272427391428,10.573482832892921,5.156546093927297,3.11992549555579
8.294979977036496,908.2274940549883,24.305304049534513,4.060914085936456,5.2046955620356
9.8854851638345,319.1340669186693,30.63166127291682,-2.547159371849284,8.503084958268248
2.3537520199317536,934.331090316676,31.681208730946853,7.612804271350728,3.7006501349463963
6.347176438169216,154.24065126060475,30.77597294611324,-3.027432874604282,7.515436007182334
4.428017709679194,940.9924241249629,14.033053882243657,8.021803349961408,2.1056293001501944
9.72922958033143,416.460418515671,18.981867651150438,-1.6417108794250828,6.185969387150585
8.579070308221379,191.27874560429487,20.761465762510404,-2.7452031396473813,6.95501147693003
8.54495834240024,537.284583267693,34.13311623038515,-0.3284744279971558,6.9206905056906045
5.218238438154732,331.09891094845716,18.36279617243659,0.4107485646726297,6.34220626115458
4.733375521038987,356.3856117657306,16.321148916016096,1.0968002781414046,5.745207403419476
3.4606636473763563,376.56096843365793,38.72344057114289,-0.17095597470033075,7.1492406701861055
1.507379469858344,822.7233080493971,10.265898553404067,8.59304985438758,0.5988368761059591
8.782501386295479,585.245149007729,39.93462567045935,-0.6259262793195715,7.6038469122019645
8.316109082170698,380.1769292404033,30.304638965721868,-2.505864761915989,7.775261979472247
9.997459059575176,649.3004049798266,34.854078983473514,-1.0514834546542067,7.3259117061100705
9.969731533665149,744.5356068008742,18.838581890385797,2.2731995232090005,4.2302028233933795
5.998885350423647,345.3616006601804,10.4294583300118,1.6400707914155763,4.670644510817436
7.9208867366245945,472.19419137281636,32.1360855568459,-1.8258624316313412,7.196864737733529
9.502891568941852,209.69748400325278,35.02433791002027,-4.406769823516241,9.572959296426914
8.646826516096702,263.0344145812123,32.21428395860558,-3.177621436355497,7.402240367233533
3.226132915688779,713.0060685684846,14.285508619025158,6.782612255042164,2.750298406026798
5.054897217790842,263.2945129260643,32.60283766770907,-1.3472981522621168,7.5318047524173135
2.162434736363455,572.6470453003542,33.06768346322923,3.5299792308693556,5.517069534988295
9.586459245328502,738.1416355501894,29.756215470101647,1.68319375587121,6.507279934976488
6.455571710057921,196.18923078526944,32.98347798386759,-3.6295245854666254,8.54535881688219
3.0577852495311646,610.5809976660132,35.377643190331966,3.423256641177222,5.002224652211512
7.045306159652711,330.9065053312274,28.40812342712375,-0.9467021164983128,6.345870595390398
6.5631541641210625,966.6341877138218,12.658141419090372,7.373084973005946,2.2050630740455457
4.223464462295564,535.1910820479322,24.628834290016325,4.740414013548071,5.554783270054921
2.022018329796661,825.3932947976423,12.329480040148152,6.967919309313983,2.409314292727818
7.044158760335196,595.2038879406356,22.226290930972926,3.069678731022019,5.715131832643565
5.68276930813414,139.07127956933726,22.21319467376883,-1.8157150854507578,7.4454642733713055
7.950865525620754,669.8362380346201,11.980295324207248,3.6685645373166036,4.423927824126834
5.68147151000794,956.2630079859913,20.46461601908438,6.652676600296882,2.6915286416004727
8.669633502866862,641.450638131698,13.329942963739445,2.5345771668105836,4.661601009798702
5.9671615489703695,837.2699734841112,34.24705630027667,3.679496866208882,5.863038990211386
6.0484417438184765,895.785817013567,38.43064077893412,4.255327588119525,4.7073885130751805
8.889882423925105,305.2717947540392,12.169494257738158,-1.3677595385318155,7.164944574536076
4.631345795911574,290.84035591740394,38.653456218751046,-0.8973253768959695,7.639533503815529
2.2061370560557667,649.8828899658926,25.677297980102352,4.61993337117818,4.642872519545041
1.2590440868200508,469.9256228260342,18.986970338616217,3.6060024814685168,3.2233746410286974
7.796235301062571,855.8751725800483,12.305862258284906,5.205041420442801,3.583033053829345
6.582785962181182,910.02081105821,25.018728042112535,5.935516933711542,3.5582194696007474
7.336717912893012,418.0792413724463,33.83546633472246,-1.1387807197024007,6.786532204515825
2.9166774535801965,313.18350307703383,31.212594318000946,0.7314636812849558,6.539612173694458
2.2273432802809277,802.4729637194756,11.506780343919212,7.394901824804635,2.3112520941768055
1.1309019910109375,347.32543199332247,12.187055061037105,4.068058743285855,3.3988782241436315
4.155288029259372,840.3528866623105,22.086198478979114,6.4600188734906085,2.50393384313497
6.309259181691698,481.3644282838865,18.858714821438298,2.697447626497392,5.325904713064429
4.530196405897591,700.7949093623234,16.971529691681436,4.957915948756687,3.508519679737213
4.937274298213562,185.98178245120135,18.43013496726141,-0.1175054189419551,6.668446687711452
9.137428250443735,661.4733922089157,34.10448229890654,0.6846053367461078,7.319107029661439
4.134299203209704,506.5909108635062,37.876841608955615,1.8590112370661558,6.465311776904695
5.625905402438297,627.9476168579267,22.15308083582699,2.891799189973055,5.691093277421686
8.052877114670288,251.21278697037707,37.18333006397491,-2.8601410375902234,8.990249578214337
4.568885040891431,763.1863704497639,19.64487103743646,5.2855854322499365,3.346007510758806
6.598780302050861,876.5173697889057,24.293109590313748,5.004378499278003,3.2205745211506898
8.761273378720706,295.0658200816981,16.78086993447999,-1.0621892397671844,6.699810146497636
9.54568561291878,186.14309996814555,29.214281265275318,-3.7067197350921277,8.68622483785687
2.323661328361341,121.27472744170277,39.36943345524426,-1.944141256849048,8.50782050496505
9.339288626453449,677.7743503989394,28.10479288130136,1.404976494217797,6.4546359361049
5.429046637715844,646.3846324799027,20.734422523406465,4.464939782381552,3.8805485204395773
3.324199494690625,592.027671442663,29.434523379715852,3.807449471917341,5.066701022370977
5.132221806144352,308.7523865043779,13.687620353961627,1.587228222823889,5.700432230582106
9.820293177569294,451.8153963149632,36.65977240796196,-2.2857396294431465,9.117003892186084
5.4335628459358265,635.0287016675558,25.092518523395093,2.6796333272539727,5.407929181489508
3.958764492587574,547.0901729732525,23.480492261189262,3.6211205364386885,5.180651036184676
6.700607688850532,989.0069681933986,27.575943653605577,6.22019486841306,3.8527848283563055
3.1613105690037377,222.79577730105981,28.743515883682072,0.5092862380160129,6.902921875275754
1.6827699529779752,725.6300986428344,12.153274186795391,6.8975982782752014,2.7167603617118394
2.159917497195843,463.8868912938629,30.47851663670207,2.3962841729903266,4.7100037576198215
2.152412550619952,485.3796534330533,17.257950409465888,3.2320531368112517,3.76990087535883
2.3671242416106493,745.8379890923586,31.418578975197693,4.9367243195680555,3.7365208501630507
2.2494445538446914,723.1925361919327,34.6760438315259,5.1378839571341155,4.716051627709397
6.767872703228932,992.1303943319695,34.11875522657561,4.892244379433569,5.0966964497917875
2.6369207595923037,215.5548605087127,26.575029022236674,0.4998252206677198,6.072317684197259
4.111005549914768,193.6986844457497,25.605096769322536,-0.7742771604310467,5.6301657359432165
9.071095689154106,751.904935415867,14.286278840182352,3.7169021396741626,4.184321541172896
5.265654762365851,620.5482253057681,33.26038451209406,1.6727707257575155,6.259730619399024
7.008019646689244,346.74459990382525,18.14228141340143,0.19181275917043794,6.45172598730273
2.5508788408146685,171.47743209008794,24.900862684538396,-1.5463193534106563,6.612055884153088
2.730601169278037,177.09242463678748,18.528222787825502,0.4593533038653137,5.646543855444785
1.3678175463983098,904.7717871977064,14.014850889990793,8.14708738792126,0.6484560488201464
2.520415567649481,272.6805922468686,28.886730906752096,1.1809223062421441,6.539041960547944
3.5073130512876274,391.03440590396866,11.629961044687114,3.382395105309417,3.842877085317844
2.5930943584907213,303.9907620042892,32.459357023786,0.7307602294019719,7.595958566594598
1.7983228038135004,419.4966752487436,19.527603857833498,4.103548078377026,4.680027454860941
2.085722839905407,162.48145847148402,10.00404079013456,1.1070908253362621,4.5233894873506815
5.147008912294532,567.1538118174433,25.333874177116893,3.438327843273256,4.936028408618519
2.8570034656521326,160.8513072329934,11.405557255828093,1.505551396051251,5.146928125806689
4.278428749432679,820.3208570401254,18.285086734626987,6.117207878612741,2.890682052081001
5.530755437693712,310.3408737193897,31.209294623671486,-0.21508837042863516,7.786868612843291
7.213553457664288,586.0107231440595,11.880688648655976,2.512114881537036,4.51528937131661
1.3538092585698904,892.0711788053125,35.18015477068007,6.313534600936336,3.0979864911581476
8.194693590181384,685.7896321424747,10.114597679757493,3.4447948967384563,4.986140026895682
6.6511035054181695,579.6620078962018,17.404716076057067,2.4661078646152186,4.86214678551026
1.7358312875398472,391.90037780383807,32.22712168456214,1.300097144432117,6.168379503683426
8.862207616960994,399.70172175237815,19.488104491879206,0.22864449340302662,6.304850871791947
9.287851604786319,702.5382596783711,13.056771641980406,2.946352430007595,4.760899161114343
1.5497016386937736,994.7254250990508,20.80701756401284,9.267954159420777,1.7275401180857592
3.4918988333248335,695.6552708644408,18.111798591535766,5.114247749621574,2.435648508780746
8.255811518137552,602.0050756330224,35.281357064816646,-0.546292359494475,8.002491338988138
7.734337213452926,757.5854592153215,19.400437527554296,3.903670911867034,5.117739851175973
2.6606891742073957,518.6850510553463,33.66797415328021,1.5335810204118552,5.372981254240515
2.8841439100303927,154.1281083407067,36.756164344322045,-1.6107243290830684,7.219084195509861
4.334248925122438,606.0671342901188,23.014522587295886,2.9079371021939755,4.745172071717502
5.360706866719192,961.8627560548422,37.298294315631765,6.202082695241054,4.572076561011921
6.564292943772664,257.77264812189367,21.319541618895784,-0.3806927914696126,6.990213278693524
4.320222756127952,721.0044017385992,38.92235249470325,3.2105742854874313,5.679068765712759
5.162812445198331,280.8403197931508,12.678685735767187,1.5909817405829578,5.665631202823427
7.727238443203809,582.2449160257731,30.610577995097284,0.4746141504132305,7.191657602037909
1.330148826015381,187.00880468204764,24.81442121370786,0.9953112017770462,6.229494348329485
3.2719324990961867,505.3338426323666,21.62946416366941,3.354330977267989,4.093029203478994
7.420146272960972,780.5469960057214,28.981356362458026,3.329271227997761,5.9027259644617125
9.056861539184794,412.81437181508386,31.115712749029935,-0.875681576291168,8.584865159327157
5.6050969790409955,698.4205520384962,10.130898089509273,5.534813273303438,4.778544509726787
5.789021367387841,815.9049647107563,15.00859266241596,5.908041528584558,2.5962938362843677
1.9645481020579845,934.4600375315074,31.39138151902956,6.395744454268977,3.1776434014379524
5.026711301411092,311.1778736699082,29.991562407346194,-0.8807563023808156,5.9102309112139135
5.793555398095209,459.38432422837735,38.981425153860314,-0.262431438947724,7.6158620918623114
3.1822345327125667,237.1744119973757,32.83113370752349,-0.45580032999654996,6.777811521495854
3.4231890785444286,993.2351519425376,38.52318123194014,5.803336994622185,4.874821984457132
4.395557467941604,934.3008711318657,31.076215046044208,7.243446810532647,3.3674769043182824
1.1806407799995373,585.9614172525037,18.941566259183297,6.133334184233724,2.473950254672042
3.8987124902486046,857.8299649387792,13.160947667525694,7.613907797707162,1.960926818781995
2.9030320629689017,568.862179544838,33.45471590034806,2.9276526045709956,4.384326425592718
3.9474761696012317,661.2271192024838,29.32447664427748,3.5999809578458972,5.186104646549354
2.077859186373261,180.21198890441497,11.445580371798886,1.1426730286665128,3.834314325441632
9.014745526659055,779.7433784471272,20.80151397702935,3.24864988269824,4.9000869540565954
6.342332081986438,214.94213527171132,38.703994464528584,-2.763267864657589,7.659482484762135
7.111920872300407,843.4608672272756,25.012034371306036,3.7565645112511366,4.257326460416027
8.102541147466045,803.8252789033473,22.98187408059114,3.8558830158637853,5.531512435684458
5.485979790361515,737.8702279686788,23.73098815477882,4.184984044615773,4.50986555846084
1.7822825927868133,132.5443424722859,16.26648172015491,-0.14624982262473396,5.066864435007639
5.83395887636693,372.81552035079574,21.061215125943857,0.2748617473403553,5.976629829280944
6.281570062187912,336.8013129197586,21.094397679615298,-0.08901443656872224,6.318912658041334
7.70895526765897,424.1227667243672,11.570650605624172,2.173528801521865,5.5854529801599755
4.884935916067114,178.87847208745467,33.02702885553755,-1.6781095604458867,7.190362118296203
2.148222725160074,943.2620407279566,22.49513295711637,7.441254964437947,2.4739535465435405
3.55398315218852,598.4220166411387,34.6653966044927,2.983707074576676,4.188428707098745
4.267740667587716,374.97187959222117,35.510440033596865,-0.7088475357005156,6.641564529492991
6.8132551719844106,457.2833653668551,16.359821640959744,2.0715694305239083,5.149404967631249
6.137004742020207,502.4822864543521,29.720604465103857,0.7486977211140927,6.617413849880307
4.204870533080616,640.5349000245556,24.16845412488945,3.8392502268467172,4.486947498628787
9.878637239136816,564.111484926848,36.40470213764455,-0.2757756602932879,7.080722433943118
6.451973374211985,927.4527758929756,16.472220375293624,5.757737250002278,2.4530536074195717
3.1350411256239505,547.2671346152472,30.334396009301326,2.1731520898538688,5.3369562703147855
1.9160422535836337,992.9422133409814,28.232563667581676,7.856344976686827,2.3938243051960724
2.375732252658988,866.2824619705862,18.859044327154983,8.108243486170528,1.9776497438423906
3.213619555460573,287.6594629216022,14.098027109535177,1.1003091027937963,4.695174368227688
2.446132359336001,937.5356931795246,29.549192814318296,5.781293671640133,3.3491645219146506
2.679103216461752,204.7297580969285,32.15792374396992,-0.7336258308630824,6.737028262416267
3.565856518244624,835.7047376420725,19.468820312900498,6.903107485963824,2.7940696765385384
2.560362357652793,442.5609641289221,29.344978120669413,2.8110615252652975,6.574769992758441
9.070888821637826,890.1768884005626,21.8539272283451,3.949351069309503,3.7439336088810835
1.7221037109547799,881.2510210967054,31.39620649847853,6.606124402083809,2.324075291863431
5.720602506132292,825.332860105859,15.976458246821593,6.3723318904381605,3.578957108391855
4.693571442906954,811.0273926763552,36.70645007908523,3.1579723475538417,4.6842579467517815
9.841407552177458,374.2112251882367,18.622287893967393,-1.2350807011946057,6.784476165237481
2.008350119512471,172.82735474612696,21.033579632684585,0.7159524693991044,5.451148036326007
4.580700391411675,462.6821608886453,11.742758562410494,3.3868049175820834,4.105175098837569
9.72523389947832,256.1720634878578,13.345366369638292,-1.8903362984198524,7.770515545416207
8.789564133045822,725.4559800122155,25.475857081369846,2.32941253131518,5.958239277298714
8.353648638543518,411.489753884007,18.027780301839144,-1.1088684873220989,6.682535608270424
3.3211254434044584,978.0491807739234,35.064406772265826,6.284364202643497,2.9044188784819807
2.5379882865105925,676.8748696107988,10.440801659648615,6.6824287431650635,1.8455254355876107
7.017788979319879,840.2325072709249,21.372821460158086,4.265001419906163,2.621916973714434
9.364383902148273,219.27220546766358,20.12036640307278,-2.47201442590998,7.3203003730720635
6.010866037125368,875.8130340453603,10.57982892752803,6.9181506795394645,2.960529126856441
6.144514205229099,930.4814714620549,13.731051970015306,6.688177814575585,2.822525359134171
3.5198118429425573,538.3557269370424,22.40928024755906,3.4679552086415253,4.494336311477399
7.925436398727432,645.6276439758797,24.7859375334234,1.5335982044104337,5.616936311222145
2.6833937370177106,788.3288208126959,22.12869241764607,6.225416458005472,2.731800487518738
3.913113127638193,257.35476453437127,25.928130352362814,0.3292861310829458,6.582352592056775
4.828927947547751,552.3094688170981,27.853950247170445,2.401722170164279,5.855465204636187
5.568493408160095,458.7967249950818,10.297714633835069,2.480683447705296,3.59839246715089
3.181687591735722,231.7365929460242,23.922854783605118,0.4463448573772655,6.337932635069781
2.033531422652832,430.7809800623783,38.90497722662765,1.757851261952911,6.812869684624057
6.495580381974693,161.35507844694422,25.57096840388646,-3.2163068861952895,7.491445418264648
3.597674979162302,123.2307162545383,30.326268023768595,-1.0196200969346787,7.84612602091315
6.231143992803511,221.6496602393405,19.355915737506496,-1.002794337099536,8.104013692631275
2.389264437467821,966.8036004302564,33.21974134458287,7.364174617730481,3.152564067053905
5.330260916693358,594.5765823055153,33.18764445628345,2.560494380902744,6.141613334111438
5.793304892964272,969.239945037898,25.63888142962417,5.5460220123191935,3.0866513438315133
1.4664118314018422,489.24809049711877,39.280414698376404,1.8765130182188525,6.012350148073625
4.029438503745285,380.6345197767336,13.766506442879601,2.270700953668881,4.91244540901903
2.209732092450768,555.5276765562196,10.50842994668743,5.007690964105855,3.0335454097579446
1.5703747342549097,495.56051976961913,33.10474635271288,3.7274114832158523,4.793936796845236
9.909642091509507,195.09821583556953,34.214666120946475,-4.853691546407102,9.522049046032377
3.9011846047725065,676.7436832211856,13.606216873617287,5.178449452720442,3.87835662204637
8.288870012691714,294.4343642586397,17.96748498875818,-0.8946453468337895,7.035555563647398
3.2917658928738747,657.6291594080466,10.526570900998868,5.2766767945055975,3.233034655457737
7.133524500015364,685.180983158338,18.799258323416943,3.207281393355872,4.475572281548299
7.842050739007179,236.8223678157833,33.194256217560145,-2.713500682476684,8.862879124091107
6.360748665470599,155.21466439960136,25.53881583137737,-2.3485394740682786,7.825666779889174
5.244185696951425,802.6854274615959,20.44286779504864,5.313781217185407,3.1286599864386964
4.706568227325417,513.8203813923882,21.15217884718991,2.4050357593179976,5.117346948354112
4.139814398886958,152.3474159549282,10.040608771464045,-0.3077290716309846,4.988419785317696
9.365762298230432,995.3796854527905,18.994015826957074,5.5323107283866,3.4157917074584887
8.475574670089562,152.00250489673,29.393762249137914,-2.7796719751676524,8.816700255103198
9.685242195998613,725.5317059726979,39.225833314490714,0.4993134456703194,7.349119597075229
2.1186750113699024,985.3110327370722,35.411824809516986,7.3652223993578465,2.6556135881387437
7.577807276832798,315.26209379433305,10.707848939365874,0.6392937831487739,6.2948094936062
9.44506411138934,228.02443181847656,36.956818140245176,-4.772634799807771,9.675082027499174
2.6310975954909415,209.24644548018603,33.49595239895878,0.27857774622531417,6.740328073336789
1.5984664063009975,372.947632810836,33.411283707129414,1.6902791524563212,5.187137730324473
7.670085843610531,190.94122990958203,23.739872770107144,-1.4836894501756048,7.647854591005248
6.170258018619207,722.9452075247187,21.940158788635085,3.5837906893120812,4.207395389895097
8.576458990824449,156.06261831705643,19.087471864995777,-1.7273195374623254,7.757942020688142
2.2579513896366055,558.4799153348108,11.970845768630973,5.646316628684099,2.9005120865022413
8.15740580673901,997.0271684676791,16.847060904810974,6.483382733752367,2.143063559791901
2.8146458804297008,832.573242555417,17.39810904934074,7.29561080758182,2.2271649871353203
2.4729034857913406,653.6974944079097,24.52231209130605,4.724027683015597,3.772805227294302
2.4783921813789362,375.6282587079505,32.42333219790082,1.8750191058368917,6.42454009305104
8.33117248208244,661.5062526624746,24.214294851938398,2.09822673531371,5.264150129200674
6.986774986265801,574.3373175204865,11.735333483414818,2.092917481936906,5.237216593305073
5.707588822922074,483.4750455013343,38.73369402964612,-0.4510065902658068,6.212450547008684
4.229474357111522,217.63933906617953,38.281729572823366,-1.8594396212726763,8.664402317986209
8.894804867317974,897.94379371642,33.55568629445225,3.3314663656427665,5.422131635619465
4.532005966803719,504.80618393919025,39.73983704692662,0.7797809068474326,7.239347011209604
8.349394955244193,275.16026063868856,26.33446998400789,-1.4470564747391683,7.802364923809971
4.952214177131966,430.98341578956064,38.88305050759618,-1.0301289134493072,7.788829992964139
4.392499864824169,472.71677727603435,12.268151218502524,3.375896686750586,3.9873002126409256
5.164118071026458,844.7841060101869,20.970422447841138,4.859750167110948,2.8730469234522107
3.7124008674772786,760.2529425052618,16.761438040202975,6.450041335035766,3.6988514953727036
7.72848442158626,792.3744042772058,15.874992524028102,4.424773222355117,3.8874322345515884
5.5244835108323125,109.92813798578248,14.224088466780282,-0.8755642362243005,6.6408924468109145
3.0899142563213555,474.5385983617854,28.6724092469799,1.9012464504643027,6.038898166807868
9.096171159471115,533.2097364717913,33.43965567241915,0.07977868356931561,6.890790611677075
4.455020992358903,117.27304914075101,27.34895198261082,-1.2688128710035977,7.782781699084627
5.891975750025898,333.8318878705308,14.40888128764629,1.243215026433674,5.244374036188298
9.158248998680923,784.2608408099215,34.333713098004125,1.7653539755266214,6.193457127532896
6.618141963225929,223.39873515609915,29.078641214911855,-1.6930191088955926,7.8124525173706125
2.0520823663752767,581.7791183073325,21.644971183809865,4.273806597511025,3.1211153060334396
9.458489112521276,293.6816848155138,30.22390886608189,-2.3870407652033334,8.002110674876786
6.6493724776427605,110.90869717950395,17.797149377284985,-1.1705737575928787,7.8955196413303765
4.014150531913775,317.08131183958733,20.355766254826314,1.6634665069459476,6.097510820151225
2.2534486539704854,978.2863794190484,37.52457529395971,6.538880702905568,3.505740439828257
8.146226703432664,821.3834006946906,18.71513517014261,4.449915796852866,4.330026253827053
6.580654803356621,963.6189798889301,24.099648044738096,5.289326820857856,3.418945093217917
5.801149827786894,539.0686395337261,36.70423412188044,1.1058832248436081,7.393716855769473
9.045033247458619,198.76257880975317,31.231640508025823,-3.432753180003091,8.74268484209432
8.097374901020777,593.1635400763237,11.866096784941082,1.7614301019926581,4.765925494486146
2.365073917594761,508.9396011039648,14.41909132836911,3.884057997449175,4.179748374666548
3.805498610159934,859.9213744656544,10.235247723157505,7.531370218888942,1.4768817406125063
3.236402258330192,188.2743227058201,28.927653706874903,-0.7786531463647982,7.701709026905894
7.695516633154092,539.4170233196004,23.43020276231255,0.5986531726782996,5.189359444707792
1.3017919126220145,235.04379822458583,14.028245527068266,2.491206837904116,5.432964200926902
6.129007163841849,392.20833420105396,38.738023631703115,-0.8904857986104404,7.56512504934161
7.862128171666215,763.6213696490197,25.8897917183686,3.0190358728309703,5.0081614011789855
8.890890730855745,528.4163164318899,17.256798823386674,0.7351421664731772,4.805860433844471
4.078735738443167,438.2994566311924,25.018107134641227,2.3661695468345005,5.306536793152264
8.391315742048116,455.02865071303177,30.388609982053232,0.14347119444508427,6.761209201741158
1.995685632596865,513.5020915653879,12.287176539206934,4.666679703511484,2.956089713186077
8.618070625610663,806.5148894533512,18.241114451436758,3.625918678007095,4.308302702665679
2.147397960987842,902.876220046211,34.20896472651981,6.779770580022206,4.029630567953732
4.575585615043305,959.8012178535355,23.78994611207984,6.752210069932224,3.056465882153611
8.175658292015981,808.2130476297656,26.397314260968848,3.2848713038611637,5.205202002253408
2.349256846138964,383.8662061732115,22.98448006628408,2.7354122078965606,4.536134335181259
3.0632625570937733,719.321235477888,11.316998279290154,5.575203204549331,2.013695372866342
7.500273115537596,493.8428116498527,14.972493394604678,2.350193381695596,6.177479725048139
7.480328828914669,329.20355984144607,23.36624916225673,-0.7484134701038763,6.56710524831122
6.770328695967676,856.7844214833303,16.275563962237833,5.349376898344592,4.202837023626082
7.2455360002039,134.5837140660925,11.499370859790362,-1.4714850225307858,6.529148716269312
5.884519990128366,911.5857929218812,35.309489921554714,4.623863619509416,4.739519992656327
3.266191530162575,515.3297181622607,39.43577587492348,0.71102317732651,6.881969035844781
4.111263941535275,673.4813291274523,33.79428621990218,4.047221812243286,5.881347369782867
2.634379451212831,693.4185299852045,35.61354765114001,4.076303625266937,4.829169670412284
9.176055052002654,905.6059666358827,17.259313909511363,4.963601814630051,3.7565965466117506
6.250526152895084,673.0027139504866,38.81880926539599,2.198658021804746,6.364064978394585
4.607662750872759,652.5402262840556,15.907771133602852,4.12021254526374,3.8793535713178935
5.1580522327971945,159.98683650462095,38.54289431085497,-2.5967112329202706,9.047422761836428
9.525550056506338,566.5672197506836,39.84457881897853,-1.2153812580935828,8.011401729593413
2.380162628044722,235.15210073533748,31.35168417238146,0.449656663701114,6.982899850986453
6.276068488151175,763.6903918493371,39.43431195375466,1.4918247688665693,6.826979648709604
5.5529981099601935,560.999728731407,27.08619338701311,2.0753317435120273,5.760174934164726
6.503088118911831,712.205001287518,17.78625349528271,3.790470275999013,4.324353206766619
1.1629916543875645,137.50561054214583,23.109876569968627,0.698704096547891,5.212901688057369
8.849115180497364,176.31281444122288,27.80682806136358,-3.20709015828871,7.238488219664922
9.38906454235251,744.691049256414,12.192446860810449,3.179320587895826,4.506696667119812
6.086198652302881,164.87590239880603,28.670297938517383,-2.6174570281031406,7.8210977619081365
7.26985741489203,164.13105498873273,39.435335102868834,-3.9924843521242357,9.046444122353456
9.302494430595662,110.89762771139871,15.703229493511829,-3.560915001192631,7.92834824206606
7.3651477088205874,960.8512584695321,33.7778534886515,4.969145229145941,4.752871504565213
2.3728513862283522,763.7575235131062,37.236963813388584,4.542849560454304,5.180654304958783
6.186595241501319,417.92626765185776,38.31104778460663,-2.1986338323535657,7.640507446781259
6.460435417445703,366.8820231588897,38.804068132163415,-1.629215318661199,7.610665680120521
4.817176041721474,414.7329067712646,25.643789161644158,0.655090220265507,6.430950314304179
7.627998120622506,797.1881780630637,39.31923723974511,1.4103210886144009,6.125816732372843
9.409303132921133,695.233549963373,32.71930621403317,0.3570399926585598,6.881822153298946
9.330116616160987,266.67601108072114,14.850143087108858,-1.428608270067683,6.711963885059176
5.057554342637189,256.6984018006759,24.307003194039098,0.2718269414083704,6.339561170442968
2.019142412566797,188.55608474205758,31.54993526116012,-0.122411648046345,6.860039941268611
9.863570790661012,694.2724477312044,17.420209474572502,1.9656664404164172,5.236144267771374
8.550082778013408,787.9353959995624,29.218455506466622,2.9104191179276095,5.78710692173629
2.1219641308294017,338.54178549250366,29.998014371398575,1.095089197260982,5.8093588722712886
9.28757694355635,118.85046492782153,14.880992314256977,-3.29068323850723,6.7619400979682975
8.829067258559155,173.9545007287846,26.952559373582687,-3.947425893466492,8.257816669487898
5.669542514134649,971.0740313605274,33.148807329358235,4.685173920226267,4.557282563945488
6.321478921704363,365.90029972967824,24.966869936078258,-0.19338531044294754,6.41494113184919
4.591024334831173,792.3008330543203,10.363093503283222,6.670213557759361,2.3289207842487984
1.492854749398282,662.1972119688375,10.271154072378765,6.8001175027439125,2.6571740251661424
4.016775174813109,443.7456756876063,20.710880319100365,2.149997673585793,4.701405592286475
8.225681037382103,285.11853597599963,37.78582205295346,-3.5131103945747917,8.049292227508529
1.0416882070414257,209.24777634346577,16.860303388108264,2.1897264169456028,4.8719823594431775
4.001492545220298,653.51167123498,29.030910666150614,2.972713413151297,4.593893498381882
4.58351824231849,797.1704025740091,16.662276120799618,6.401731249422622,2.5723079120288364
5.836560426441306,679.5138281870176,19.650099689786458,3.4107395902075144,4.230719728026605
9.278700547714845,577.2719199242424,35.44126268804452,-0.786974962095968,7.687129657121085
4.1171139492936515,137.75610108847263,31.865843268098406,-2.600972885879779,7.728293725371665
4.122578817066049,971.6398998349454,12.861978319396318,8.11821068443398,1.8182625142278384
7.637511232987736,818.8427724891171,22.86106062959301,4.571222274676993,5.3898494196677476
5.069961468008264,363.53983303086824,10.875092909357933,2.2707223495907356,4.6193591354051495
3.021443406459838,981.9732964229656,24.42670439809027,8.355551877204729,2.5784112969544855
5.07195564519424,641.6934306726899,29.873020351032043,3.1547257219935427,5.04581489399846
2.2677131834181985,624.1803923865218,13.555078707944546,5.2006045470964795,2.4917400039438187
2.58748287855601,773.2658614865788,18.666548167274968,6.406867746696507,2.4841165461525208
5.4853099546553175,830.5928092811238,21.93509876506471,4.979663674418376,3.4467595307366032
4.770329045540931,690.8307465983523,37.585930739681494,3.4298373212644284,5.9152759534122294
9.2336131096129,215.28617172958002,39.79765046268892,-5.042104206992698,10.847956013855242
4.261545092049698,404.44075539504854,11.347338969868476,3.225749955633344,4.032971929488594
6.225295152502391,935.2752762934448,32.83023770486176,5.403558351251462,4.265923281961937
6.690378591275773,302.15405065946675,21.151721992070296,0.47598911260779464,6.579954016736804
1.1178501092950026,434.950321453762,21.773745586884402,3.40836030488693,4.535877408563004
6.971836348150395,488.8691946497764,32.62794920041068,0.49613993217157903,7.041775257214698
2.6023237018277627,495.46449072500695,37.552792964362254,3.0390296781693844,6.700701850333577
9.649632857225097,651.645624245073,38.52785783507645,-0.4699668081363116,6.276251484182206
2.3379645497780164,948.7682539702369,27.313677581149623,6.81981238293222,1.4954509180993465
4.731617113543214,316.62344064925446,20.713634779015084,-0.2109426451344525,5.659792322713126
1.7681470127077947,209.35123867082626,33.62647257576337,0.20314763720869355,7.394985261806399
9.971868266613527,277.72344087394356,17.530041497869007,-2.9032789783835202,6.573123409598443
5.519755092981184,898.2324101883426,26.92222086500553,5.34406494242332,2.353170393606317
6.358465155880394,681.2297313896854,20.757353845746195,3.7759859449015183,4.862715977499915
1.6036882964958474,357.31611031524415,29.698932211236283,1.8940115021958461,5.786247770347519
7.7496442335926,834.3522450717555,17.211967386805206,4.960226027332821,3.329224579999808
2.889150337860272,875.2329967270924,15.747788372044774,7.844120889036738,1.5725891545666322
9.082488604966423,861.8629048212503,37.54717260026311,2.9621003923596767,5.685277457592649
2.8462567643380643,927.033880275599,13.054110488486106,8.065641181368948,1.5793863355090045
2.716189485972999,327.01691815602544,25.17873723204795,1.0557031461396935,5.384488340125064
1.328947010632854,779.5377358716505,16.625583488890268,7.082015781875639,2.4105857322083897
5.248602505989993,514.485547546726,11.167898899770023,3.8188602384265664,2.691629572588175
6.083570199363548,857.7986976010554,11.080564548742792,6.878344715652034,2.2157080941141656
1.5913777548551713,755.6416094454519,15.256653163174821,7.460674560368706,1.6618436150912488
7.9797485502550956,798.8027018497522,36.00311063518001,2.9895885132969373,5.872051780159522
5.079599512732249,690.5456539129643,18.4743623193108,3.929200117144249,3.6495639369408632
5.7195124239482205,259.6858925227362,38.513775117258874,-1.2806627426970674,8.667723666244557
4.966864722444053,590.5242270072445,27.448668789675807,3.438562340738967,4.352636774834545
4.606867547877934,986.2027655720574,23.098425693062982,7.616562311098184,2.7836347439747673
6.036762981773961,943.649259847407,27.402665040083637,6.568744057964257,4.11221731090937
2.3971622133764123,138.8563622173105,25.50095155678803,-1.1884242440327915,7.503285726886152
2.63735317445744,248.3333341564934,32.76328761271975,-0.3738960750670872,6.584985057280002
8.756070589121656,218.55589610910573,18.474881979185568,-2.4076162617293035,7.543759196285783
9.515039159202695,753.381918986766,20.591511748009072,3.077888097344076,4.244821931346704
4.359783846517777,836.0067968712506,36.82282907599752,3.972822768052792,3.61420597504232
3.436702058291984,292.16022967960475,38.393695394512164,-0.2573706971324181,7.8319661964316385
6.795995889151142,555.2674236566461,36.776746824594234,1.1622696815298235,6.937356184097501
4.678607539882868,856.63272521008,22.583439818719405,6.316280950329425,3.968018962685613
1.2284772009431038,759.5213902896255,33.410965090206446,5.781754305234809,3.2253312733705735
2.4053733762957132,588.0134849426635,24.290071999032964,3.7545042909251065,4.470502857843069
7.443750059626578,631.3129214128955,24.926195564383065,1.6752091448146773,6.503588887533728
6.930315477191362,557.524492224652,16.14040327171852,3.120856309127321,5.115365313384633
1.2438639325313514,367.7936061869385,27.733909097755493,2.672287687780826,5.445872811395787
2.997749457396545,608.5197935731145,15.58407693260044,5.008405754084057,3.4194116030256096
3.0796731692926427,719.9967718450816,19.946940972015813,5.456482263719968,2.5331714602010096
7.047034692388555,885.9906242747269,35.65090604859805,2.758394355137498,5.927034359057911
1.1773948397892773,672.6622185813233,16.212274276325658,5.981271128943809,2.3057059667601996
1.9369772378611647,785.0093833388422,12.134748555202984,8.623839902507402,2.1217627383759448
8.199244768358703,244.0644714591157,12.070227778384488,-1.5062282329278767,5.664956697764854
2.6069019584890025,515.4017269778109,38.22353561509324,2.122952639634824,5.437685681913081
6.874714970666872,108.39845784438397,25.207613138855038,-2.370412234177501,8.758727215474764
3.1436450294205387,322.01097806946075,22.28236215451055,0.7925897165321371,5.387623689450991
1.8949725348341064,753.8155436017043,34.32635743023755,5.250388662966777,4.958687523486738
3.1885497189950867,992.6289562144271,35.07477783731548,7.293494687670506,3.46178258882868
7.500402386700932,189.26028962849432,19.96573099346814,-1.8479217354587116,6.379443480735693
8.701268212956572,461.3448842751594,30.808541724213857,0.6161620916853059,7.830544014798422
8.471978781102925,820.0638718292436,33.1336844755566,1.8169812507462149,5.459696563862516
4.5746517665660935,283.6320711660089,29.639520605978635,0.1144070327211184,7.267531641496168
7.012766229135815,599.5764543720577,14.547852244002982,2.948195336054139,4.573338255050795
2.844858658742389,759.7641664267073,36.27649250551171,4.933523161763045,3.9107269020689155
3.6383295723491194,654.3869052341611,26.17283658208026,4.328074183808647,4.518995386427241
9.067022366690077,269.2222611538745,18.47417279110011,-2.0552839494713027,8.31952425442406
1.1170173115966242,419.8461118171655,22.756845563130817,3.4787661022899306,4.758052419963471
1.7695767776902127,805.4126060368575,11.12713271196722,7.127673674627603,1.5877643978167668
2.870976296314246,598.803862718815,13.836004036672527,5.470573825649472,3.7885456799458996
1.2387898348643773,104.70665218862146,32.96640251547582,-0.7198894140982934,7.250078173665345
2.632918915808176,784.8916840252845,10.000349042660984,7.851752562404209,1.9702192740135256
6.247374048727229,131.78021944621517,22.496974854468768,-1.5265231528047645,6.919196016754418
4.792820955332481,771.1604044581089,25.675305432567654,4.931472943762938,4.266498820460765
9.034045399692774,282.2325041487137,11.639032600029168,-0.7845562084630286,6.980676067375653
8.356992055645968,962.2661321074422,39.19234488916999,3.084396636003794,5.196970369023565
4.076356165280884,431.14667617187604,16.78375993749016,2.238802303504776,5.4577973730973754
3.3348109008816325,394.2384547042712,19.125961589088426,2.9557502477817192,4.895994143579413
4.417231673505402,233.9992452992002,19.11827536765082,0.9377167823272085,5.6231160565514315
6.31265448263327,375.04379394119337,16.912499863520498,0.7838054935872222,6.208643399896186
3.4125727674058863,888.9856856453805,10.044214662589342,8.202150380118566,1.4398677503846626
6.617340170642207,996.7009038645226,31.88034382263989,5.01799738356325,4.569489357877091
4.684704869721164,431.4785774561635,39.00536499397856,0.658275262936919,7.00267575690412
5.968424627667822,503.7495678590883,16.72880449855135,2.7131113267477254,4.914746927095089
4.92513876221785,749.8638443824633,29.891415754102674,5.017536205537315,4.964144084330452
3.650191835877259,897.576202418567,32.25688980876146,5.485815586781025,3.978314048341492
9.53607976265941,633.7399007681057,35.45276137271574,-0.16492096042933102,6.239634672003
7.872452147437848,452.3731283600464,22.678875910408273,0.43534058010349863,5.807135723424754
2.261018581898073,471.3596567637614,19.087927169212875,3.9975393286301752,4.695005000067311
8.816211783081215,726.0563318471262,19.758854020690933,2.768738206087745,4.924398983307053
5.386880784245623,102.89643724385081,31.378639992955385,-3.238820564206692,7.977580396964259
9.050970042046822,657.6304037138566,34.50338399516908,1.0411843810600323,6.198190385932936
8.198697303525837,419.94370939722165,15.44841903269808,0.9158142202122806,5.364864386703527
4.8269215402231005,814.7775981493759,21.128230244732954,5.16335513662705,2.4761121758123723
1.2022237748810567,183.69157584081893,37.0582059024745,0.2077046812729586,7.097389484156906
3.4180962344645147,629.3820402535515,34.20080559084218,3.7497910808173414,4.999380437865291
5.874707931947802,532.8756008975114,39.54575208287427,0.5039750833376816,6.569315637891553
6.701303978435325,678.0929733147046,32.627447790462426,2.2073318960711594,5.848609393419341
3.3209891688988207,158.3682350346715,21.79585603083767,0.020631048371491434,6.566026494006424
2.254204666655417,621.9854086853181,27.719135019839133,3.8899867164134303,5.384846824658921
8.514372131193692,605.3361291635713,29.83042762741961,0.8281482028789463,5.754732046500606
9.85961962633197,604.5940849745539,12.353674489513718,0.8045718153235917,5.749973433628455
5.731211640724172,643.1388999368094,26.334908773115952,3.3705201244458802,5.6237106503523355
2.5451135726347314,708.821143503726,31.279624854178287,3.9069455520811367,3.957844470001268
3.4507659386743206,824.4900997126928,15.019639120031812,7.769264030001087,2.5163611723350288
1.1655160889272005,342.8386481153929,33.41895152276672,1.3386732374304315,5.74854011370906
9.228689259044492,842.5444691620559,27.51318341542335,2.9539482295903894,5.400047063654774
2.05975974601127,548.4301140371083,38.56665357092784,2.283888957230411,6.487008217412899
6.188648279628282,169.35245122089805,11.272668946206752,-0.6720859591868737,6.439902238720325
3.466496986184854,152.69583631958128,17.959784126664008,0.7069971300110032,6.326752513540671
5.9876020226421405,400.8144868264547,28.04661637899472,-1.034222109223535,6.3817151505825205
6.862783495166778,806.4072794003208,18.89679736617792,5.381484002846121,3.1744500557040545
8.467676233364815,736.9128412668242,31.432724922137265,2.161029544322963,5.894777050618846
2.8577914458454288,809.7534682051657,32.77015847565793,4.788112287634542,4.688890017725551
1.0989624579263242,565.5421507974484,13.075478921994232,5.260736190287279,2.045941947295255
2.2319706706192655,496.1790981599415,25.415633926203032,4.14243876727358,4.202714418918028
9.100167776632945,232.70727403565556,25.26671666773168,-3.222436254704451,8.156319497701809
8.865010698062637,395.3734782483804,21.078423106466232,-1.1632881324921172,6.298150736399881
6.376717919532775,490.61742955648776,37.98774587709016,0.4876980192718384,6.862441092228803
6.40465174390288,179.7403867116555,34.82518959619664,-2.718164526311592,8.29341325836816
6.9853300709163,298.55075744009014,30.916281457289102,-2.067748395054358,7.011664677708273
2.5783415076110465,638.402764657365,31.429799072049928,4.060189473265443,4.237407613093297
9.229707513324637,762.0968028152708,23.851484314393574,2.108089498230894,5.695290629754048
4.768934724028658,998.5127602536546,37.629835632897276,6.388087376443793,3.5474152881145695
4.448246754245477,939.8019982092019,30.837862817598563,6.620795805645992,2.9203142497400707
5.670259347545538,678.3086795816724,31.869431849674495,3.0270170364874778,5.181465101555802
1.4226937009754954,479.1232479646648,35.85072711362036,2.675643448420373,5.982242333086283
2.4965503188047147,672.5596282374095,18.222147680265728,6.535700417378852,3.1099208184824945
7.642302547837334,807.0864562722088,34.212127116001085,2.828343740897425,5.446180655532455
1.7451880113261382,206.50257183104858,15.857218088694761,1.0157728410675402,5.098944751869878
6.428368985197494,468.91440072665944,20.360258567346634,1.663670614349337,4.747110832230789
3.2081419871318886,855.8220570720555,20.068313628095282,7.99034173911364,2.937516500476333
4.503660526377789,445.4496567397396,39.355764051674214,-0.2402898475518459,7.251143795083883
3.598243630936299,614.6850441044679,35.69611671243781,2.5973855709857565,5.37100530295447
4.201054448184542,628.9924247759784,31.035095847707794,3.2941104579474603,5.7218260512444585
7.471413146658209,266.02862782027546,31.811702848461703,-2.2835430044753897,7.528703040265736
3.6740954406085753,426.01189748705957,26.862183832077132,1.245701081169938,6.222342024581772
6.097641762672074,401.06015986773895,38.41272001325557,-0.3185623558689694,7.74251056358611
5.284453619791897,123.57703767885832,24.887762586470846,-0.7352123307458203,7.287950861251275
6.973040488263833,121.77258750221972,21.415531296096837,-2.3122817692074498,7.614665520893579
9.431467653922821,848.5273393081961,14.89106010794773,3.8283994104577768,4.0222772275251675
7.593148874892252,345.7637289755312,33.58616956783174,-2.4720343670007257,8.517884422582052
2.934463407316811,566.2708896149338,32.033317962267745,3.1211333868747486,4.713976806611642
1.2806482155515622,368.85301622989573,21.530651155724044,3.4470796106089012,4.311734879515095
3.360376398698426,946.6113206038065,10.75580241877688,8.947928638058855,1.8687880045044234
6.355701376302293,333.36708297919637,35.16991983154033,-1.3623737619726426,7.459099513556809
1.462832321358253,486.69113146504156,10.34253950362221,4.8066053777144155,3.489914528110285
5.467296224811127,885.4572254361417,31.110993388871528,4.463742986709656,5.173720070654137
6.371585640252003,857.7402101126278,39.10771329178171,3.8982136149845465,5.332648457219816
4.008195017352648,267.4912760616496,23.129839844446103,0.814717078188355,6.518667272629809
7.938209833712397,822.3789788161394,17.04920214987858,3.7768997629719703,3.397642130350951
1.9593842782039461,512.3681980641034,31.14613030130145,3.824296300499257,5.517953972304717
1.6762400356222789,534.6719848768197,34.51384426046755,3.3442510153573037,5.380608505342724
7.55369880583243,220.1319751743494,26.39290948233542,-1.5150232768333667,8.041259855191631
5.459421845855786,172.54136238141217,39.01105825768438,-3.5764669991247673,8.353439531600415
7.195621567849624,755.1453762763887,11.550061649738833,4.115724736157472,2.7074240461632404
4.913446047433716,546.8150371197698,25.143867949135846,2.4225558976836075,5.505971455919602
3.2176182991519613,493.1656323536616,31.553618419676503,2.4188775454405813,4.623117593705204
8.371920859067798,756.5574057871571,35.87921413447537,2.6898726263536172,6.158035396110823
8.194742910720812,788.9616090919988,15.377668357233702,4.607517256743777,4.521972596689604
7.252268237689841,243.0173509024182,34.00010445291044,-2.717311693517799,8.456553030022423
3.449306235069664,649.2026345298772,26.581212271556357,3.596067396775358,5.421071247422056
6.312076001821784,221.81867404991698,21.8966104596989,-0.5125120200220369,7.486745052557726
4.248765072460241,776.2375774261411,13.951450857372807,5.760495439418652,2.4616375261818595
1.8242386599397074,691.2596406404256,35.95887276726737,5.218824077093826,4.700517361432241
9.255822179160186,960.9531589751122,14.71819624539146,5.367608550828627,3.4201151321394234
2.2313676782706526,162.06221472077905,19.29363577627298,1.3708657667540918,4.997374425831534
9.552136184387223,151.3492490361289,18.701365958873104,-2.793246552689994,7.508831747780657
5.014051956621602,353.96836722388014,36.142421025725625,-0.6500821533657912,7.068235399949712
